자치구,동,합계,지체,뇌병변,시각,청각,지적장애,자폐성,정신장애,지적+자폐+정신,위도,경도
종로구,사직동,284,124,34,35,30,18,10,11,39,37.5848379,126.9819133
종로구,삼청동,110,44,13,13,19,4,1,9,14,37.5962608,126.9676991
종로구,부암동,317,125,27,39,52,22,9,14,45,37.6053351,126.9668582
종로구,평창동,538,214,57,72,87,36,12,19,67,37.5773553,126.9586242
종로구,무악동,328,116,30,45,60,27,11,12,50,37.5718391,126.9619706
종로구,교남동,359,157,34,34,61,23,8,13,44,37.5800055,126.9846912
종로구,가회동,177,75,22,14,27,19,4,6,29,37.5706457,126.988968
종로구,종로1.2.3.4가동,398,161,49,41,57,22,2,35,59,37.5719508,127.0050224
종로구,종로5·6가동,255,126,21,29,28,18,4,13,35,37.5769232,127.0043003
종로구,이화동,328,153,34,36,52,21,3,10,34,37.5706742,127.0163263
종로구,창신1동,316,152,30,29,52,20,1,12,33,37.5744237,127.0108268
종로구,창신2동,486,226,44,71,61,28,2,31,61,37.5777563,127.0149653
종로구,창신3동,340,172,29,30,45,18,4,12,34,37.5777283,127.0156602
종로구,숭인1동,292,132,27,22,57,22,3,10,35,37.5748398,127.0199379
종로구,숭인2동,436,202,40,51,66,22,4,15,41,37.5840608,126.9705804
종로구,청운효자동,461,162,37,104,78,33,7,8,48,37.586755,127.0003554
종로구,혜화동,590,245,54,64,95,41,17,28,86,37.5623685,126.9770254
중구,소공동,29,11,0,5,9,2,1,1,4,37.5572302,126.9793303
중구,회현동,296,118,36,60,34,17,1,12,30,37.55998,126.9858296
중구,명동,130,58,6,27,18,5,4,4,13,37.5600911,126.9955787
중구,필동,173,69,14,31,23,11,1,6,18,37.5617581,127.0077164
중구,장충동,198,83,29,23,33,11,1,5,17,37.5644798,127.0052446
중구,광희동,250,128,24,34,30,11,1,6,18,37.5667292,126.9913019
중구,을지로동,87,48,7,11,13,0,0,3,3,37.565064,127.021826
중구,신당5동,495,242,41,49,70,29,4,24,57,37.5674517,127.0214099
중구,황학동,499,232,65,51,65,22,9,15,46,37.5547582,126.9644988
중구,중림동,534,228,56,69,80,22,10,32,64,37.5615738,127.0194523
중구,신당동,390,187,42,46,41,25,6,16,47,37.554376,127.0084746
중구,다산동,653,294,48,87,117,28,9,25,62,37.554347,127.011001
중구,약수동,892,379,89,115,155,51,11,31,93,37.5615738,127.0194523
중구,청구동,634,286,57,77,93,43,5,26,74,37.559973,127.018296
중구,동화동,440,209,51,38,61,19,13,12,44,37.5498915,126.9814212
용산구,후암동,767,320,91,83,103,68,10,37,115,37.5458707,126.9854421
용산구,용산2가동,468,201,43,54,75,40,3,20,63,37.5455655,126.9744151
용산구,남영동,549,224,50,80,67,46,6,40,92,37.5342605,126.9515837
용산구,원효로2동,469,191,51,61,78,28,3,15,46,37.5417318,126.9613055
용산구,효창동,344,154,38,42,50,18,6,8,32,37.5383431,126.9584999
용산구,용문동,488,207,48,49,91,32,9,15,56,37.5212905,126.973027
용산구,이촌1동,528,201,54,63,91,30,21,11,62,37.5268725,126.9541116
용산구,이촌2동,370,170,32,36,55,22,4,14,40,37.5323175,126.9949965
용산구,이태원1동,231,98,27,20,35,15,5,10,30,37.5407324,126.9897188
용산구,이태원2동,326,150,25,44,43,24,3,8,35,37.520402,126.9945799
용산구,서빙고동,380,158,37,37,64,31,10,6,47,37.5265039,127.0011919
용산구,보광동,594,264,46,88,74,30,2,23,55,37.5435097,126.9696097
용산구,청파동,828,359,82,109,120,62,9,36,107,37.5388162,126.9657772
용산구,원효로1동,471,197,49,61,64,29,12,15,56,37.5290615,126.9694881
용산구,한강로동,525,246,49,70,72,25,12,17,54,37.5311789,127.0062454
용산구,한남동,622,301,62,70,78,36,6,17,59,37.5610086,127.0304642
성동구,왕십리2동,663,288,67,64,100,40,17,17,74,37.5662583,127.0453796
성동구,마장동,1071,523,104,98,138,71,27,40,138,37.5610919,127.0459627
성동구,사근동,383,200,41,36,45,17,2,11,30,37.5584261,127.0361028
성동구,행당1동,517,225,52,50,88,25,10,11,46,37.55787,127.0292984
성동구,행당2동,906,395,95,102,125,51,13,37,101,37.5505499,127.0341139
성동구,응봉동,546,225,57,60,101,32,10,16,58,37.5547592,127.0211043
성동구,금호1가동,670,305,80,73,83,44,5,23,72,37.5472602,127.0223264
성동구,금호4가동,529,232,58,55,76,34,11,19,64,37.5393726,127.0475472
성동구,성수1가1동,585,256,54,70,89,41,6,19,66,37.5462887,127.0442133
성동구,성수1가2동,487,231,48,41,79,29,5,13,47,37.5394557,127.0540185
성동구,성수2가1동,807,401,64,75,114,50,12,32,94,37.5483166,127.0549622
성동구,성수2가3동,426,189,44,49,57,30,10,11,51,37.5527653,127.0608277
성동구,송정동,522,241,50,53,70,40,7,18,65,37.5640647,127.0554067
성동구,용답동,647,296,63,65,84,33,4,55,92,37.5659801,127.031437
성동구,왕십리도선동,992,422,127,120,136,66,18,43,127,37.5529815,127.0211044
성동구,금호2.3가동,939,463,90,84,137,58,9,27,94,37.5435935,127.0134664
성동구,옥수동,722,320,84,76,103,39,14,31,84,37.5435547,127.073456
광진구,화양동,541,247,55,69,76,29,5,17,51,37.5530066,127.0736292
광진구,군자동,795,367,74,83,104,56,5,39,100,37.5606486,127.0799594
광진구,중곡1동,674,303,58,65,96,39,9,43,91,37.5602037,127.0815433
광진구,중곡2동,872,400,87,81,139,47,12,44,103,37.5687026,127.0800152
광진구,중곡3동,754,351,57,81,93,53,8,38,99,37.5653701,127.0874036
광진구,중곡4동,1328,610,126,137,178,88,17,77,182,37.5535934,127.0791827
광진구,능동,382,174,42,46,48,27,4,17,48,37.5424289,127.0857094
광진구,구의1동,814,357,87,102,103,51,8,34,93,37.5473444,127.0900148
광진구,구의2동,1091,496,107,121,147,80,15,37,132,37.5389296,127.0976813
광진구,구의3동,802,350,91,78,114,65,21,17,103,37.5478086,127.1052825
광진구,광장동,725,304,86,86,92,55,20,20,95,37.5344848,127.0822379
광진구,자양1동,947,427,83,112,128,57,10,30,97,37.5287076,127.0846269
광진구,자양2동,945,425,104,90,136,72,15,41,128,37.5337907,127.0729889
광진구,자양3동,809,347,87,81,134,45,22,18,85,37.5401508,127.0650175
광진구,자양4동,874,435,77,84,114,48,3,41,92,37.5907275,127.055128
동대문구,회기동,330,133,45,30,50,20,7,13,40,37.5928664,127.0656829
동대문구,휘경1동,526,256,53,58,64,25,7,18,50,37.5911446,127.0677097
동대문구,휘경2동,891,414,105,92,119,54,11,26,91,37.588908,127.0445965
동대문구,청량리동,1268,601,118,131,196,66,9,59,134,37.5762288,127.0302138
동대문구,용신동,1466,688,142,136,241,70,9,66,145,37.5833567,127.0367969
동대문구,제기동,1391,634,146,153,229,73,8,49,130,37.5763402,127.0562953
동대문구,전농1동,1526,699,151,153,252,93,13,58,164,37.578451,127.0576841
동대문구,전농2동,926,430,97,85,145,57,7,34,98,37.5720638,127.0594611
동대문구,답십리2동,1444,659,142,157,220,76,17,59,152,37.5677585,127.0663775
동대문구,장안1동,1716,814,176,156,229,107,20,90,217,37.5783962,127.0705438
동대문구,장안2동,1332,614,149,121,182,86,16,52,154,37.594477,127.0565167
동대문구,이문1동,809,367,89,75,113,52,6,32,90,37.6032541,127.0650987
동대문구,이문2동,995,484,99,95,155,56,13,34,103,37.5716467,127.0515179
동대문구,답십리1동,1081,471,119,109,171,62,16,48,126,37.5897,127.0790427
중랑구,면목2동,1266,638,109,130,156,83,12,44,139,37.574675,127.0855975
중랑구,면목4동,1262,574,117,112,169,84,17,87,188,37.5857565,127.0795427
중랑구,면목5동,623,277,60,63,87,37,8,30,75,37.5788965,127.0867362
중랑구,면목7동,1042,505,96,114,142,61,12,39,112,37.5998379,127.0871526
중랑구,상봉1동,1400,622,148,140,162,114,18,73,205,37.5923388,127.0832922
중랑구,상봉2동,835,384,90,110,108,38,9,26,73,37.6011436,127.0805692
중랑구,중화1동,889,417,83,84,132,63,12,27,102,37.5949493,127.0748759
중랑구,중화2동,1522,734,151,154,183,90,18,66,174,37.6123362,127.0784581
중랑구,묵1동,1486,695,149,158,214,96,18,52,166,37.6113617,127.0787546
중랑구,묵2동,915,425,98,89,118,62,14,34,110,37.5927,127.0981797
중랑구,망우3동,965,464,96,102,117,64,10,40,114,37.6057824,127.0994562
중랑구,신내1동,1923,901,251,174,238,129,20,53,202,37.6062543,127.0941517
중랑구,신내2동,1458,667,165,122,159,109,21,91,221,37.5873125,127.0874309
중랑구,면목본동,1750,890,181,178,182,106,15,73,194,37.582979,127.088014
중랑구,면목3.8동,1319,626,128,151,162,66,14,52,132,37.6012551,127.1065397
중랑구,망우본동,1739,823,197,171,212,103,19,70,192,37.6033644,127.0264084
성북구,돈암1동,622,282,61,74,107,25,10,17,52,37.5978368,127.0107711
성북구,돈암2동,689,286,77,74,112,33,16,22,71,37.5858384,127.0213534
성북구,안암동,579,237,71,61,65,69,11,19,99,37.5803121,127.0227704
성북구,보문동,602,276,64,70,78,27,6,23,56,37.6013925,127.0166034
성북구,정릉1동,680,311,60,82,109,38,11,22,71,37.604475,127.0109379
성북구,정릉2동,975,420,107,103,140,65,13,39,117,37.6087243,127.0041325
성북구,정릉3동,734,340,79,74,105,47,9,27,83,37.6133078,127.006965
성북구,정릉4동,1044,485,114,112,139,60,10,41,111,37.6041422,127.0221588
성북구,길음1동,1036,441,105,117,165,72,19,29,120,37.606614,127.0272973
성북구,길음2동,605,286,63,53,94,34,7,16,57,37.610225,127.0374875
성북구,월곡1동,1178,520,128,123,170,81,15,52,148,37.6025867,127.0394902
성북구,월곡2동,903,459,97,89,116,43,4,32,79,37.6139744,127.0436564
성북구,장위1동,1089,470,102,122,153,88,7,55,150,37.6122528,127.0545994
성북구,장위2동,719,322,69,66,105,57,6,38,101,37.6165023,127.0565711
성북구,장위3동,674,319,70,83,81,42,7,18,67,37.5909485,127.003439
성북구,성북동,575,225,60,74,96,44,14,14,72,37.5939763,127.0105212
성북구,삼선동,860,378,101,92,118,48,14,44,106,37.5935604,127.0157427
성북구,동선동,560,231,49,97,82,30,6,24,60,37.6001709,127.031602
성북구,종암동,1595,725,165,153,264,87,26,53,166,37.6084827,127.0609186
성북구,석관동,1771,838,159,216,246,97,9,62,168,37.6378322,127.0287962
강북구,번1동,995,468,93,113,161,52,3,39,94,37.6321391,127.0386284
강북구,번2동,1354,572,137,137,202,106,13,72,191,37.625834,127.0465718
강북구,번3동,2029,888,223,188,271,151,8,141,300,37.6387326,127.0089103
강북구,수유1동,1296,509,143,188,187,128,10,44,182,37.6446372,127.0198799
강북구,수유2동,1101,465,112,136,164,77,19,44,140,37.63886,127.0231577
강북구,수유3동,1110,506,101,124,161,71,16,53,140,37.620695,127.0127143
강북구,삼양동,1376,612,121,172,212,107,15,43,165,37.6268335,127.0269077
강북구,미아동,1175,513,113,123,222,60,8,44,112,37.615974,127.0336574
강북구,송중동,1433,675,118,163,232,89,12,52,153,37.6180845,127.0237133
강북구,송천동,1541,677,148,169,266,96,10,61,167,37.6166126,127.0174369
강북구,삼각산동,1246,572,122,135,181,77,23,44,144,37.6479697,127.0118806
강북구,우이동,994,458,120,96,126,69,8,39,116,37.6351934,127.0191862
강북구,인수동,1791,775,194,196,279,142,18,64,224,37.6479979,127.0260462
도봉구,쌍문1동,1123,479,112,134,154,83,13,46,142,37.6579969,127.0388217
도봉구,쌍문2동,949,403,103,111,140,70,16,37,123,37.6488868,127.027851
도봉구,쌍문3동,828,359,68,97,134,64,9,35,108,37.6564409,127.0284897
도봉구,쌍문4동,688,310,55,69,102,57,14,16,87,37.6641352,127.0406833
도봉구,방학1동,1502,663,172,143,231,101,18,56,175,37.6683016,127.0350997
도봉구,방학2동,1234,532,120,133,155,104,9,73,186,37.6591356,127.0279067
도봉구,방학3동,1040,464,155,90,150,67,10,31,108,37.6483312,127.0437665
도봉구,창1동,1013,433,115,106,167,57,14,46,117,37.6412489,127.0354345
도봉구,창2동,1329,591,140,151,199,87,8,52,147,37.6379994,127.0428778
도봉구,창3동,784,357,92,83,94,62,12,31,105,37.6521919,127.0515706
도봉구,창4동,1001,423,115,108,154,67,13,34,114,37.6519147,127.0390998
도봉구,창5동,997,411,123,112,159,66,14,44,124,37.6786055,127.0433486
도봉구,도봉1동,1481,617,145,144,213,143,15,98,256,37.6695786,127.0464596
도봉구,도봉2동,1467,676,157,154,212,89,14,48,151,37.619835,127.0629324
노원구,월계1동,1026,466,99,98,159,71,15,33,119,37.6324443,127.0507382
노원구,월계2동,2298,986,232,204,298,189,31,196,416,37.620919,127.0692367
노원구,월계3동,1962,861,195,209,264,146,15,113,274,37.6211412,127.0832634
노원구,공릉2동,1353,615,159,146,167,92,21,48,161,37.6405557,127.0725689
노원구,하계1동,2126,847,206,193,266,285,33,171,489,37.6320006,127.0679316
노원구,하계2동,993,409,113,109,133,80,20,40,140,37.6514398,127.0831273
노원구,중계본동,810,369,94,59,97,88,19,20,127,37.6525543,127.077485
노원구,중계1동,729,349,69,69,94,45,24,23,92,37.6587195,127.0779568
노원구,중계4동,1529,620,167,155,216,121,15,133,269,37.6796616,127.0549865
노원구,상계1동,1906,796,202,241,234,191,30,65,286,37.6587754,127.0684857
노원구,상계2동,891,372,102,89,123,83,12,44,139,37.6628859,127.0693465
노원구,상계5동,1312,560,141,141,177,109,15,72,196,37.6666901,127.0515152
노원구,상계8동,711,319,75,95,97,37,14,35,86,37.6644966,127.063792
노원구,상계9동,760,317,93,75,117,55,15,26,96,37.6612189,127.0601815
노원구,상계10동,538,213,59,48,84,45,14,23,82,37.6637749,127.0753459
노원구,상계3.4동,1647,712,192,179,238,122,13,62,197,37.6530259,127.0581539
노원구,상계6.7동,1282,571,140,151,165,101,22,42,165,37.6406105,127.0651536
노원구,중계2.3동,3205,1395,367,310,376,275,36,233,544,37.6248346,127.0737922
노원구,공릉1동,2234,1042,206,204,283,161,22,117,300,37.6059975,126.9339654
은평구,녹번동,1635,723,150,184,278,104,15,58,177,37.6103068,126.9319455
은평구,불광1동,1701,711,160,209,280,90,26,77,193,37.623527,126.9167796
은평구,갈현1동,1067,445,105,127,151,77,12,69,158,37.6185555,126.9157518
은평구,갈현2동,1235,524,117,136,184,94,16,61,171,37.6117223,126.9103085
은평구,구산동,2248,673,228,152,239,427,37,336,800,37.6141112,126.9208904
은평구,대조동,1251,541,133,160,194,66,10,57,133,37.6006409,126.9267232
은평구,응암1동,1281,567,148,140,205,64,12,52,128,37.5945306,126.9231128
은평구,응암2동,942,394,102,98,139,63,21,43,127,37.598002,126.9121697
은평구,신사1동,1236,528,119,155,174,118,20,48,186,37.5918918,126.9124479
은평구,신사2동,970,431,89,89,138,90,17,36,143,37.5849961,126.907314
은평구,증산동,698,317,60,66,108,43,13,26,82,37.5840042,126.8955434
은평구,수색동,564,239,64,72,78,46,7,19,72,37.6413466,126.9421897
은평구,진관동,1950,832,239,220,288,125,58,53,236,37.6215274,126.9276956
은평구,불광2동,1472,603,135,174,252,101,23,67,191,37.5922528,126.9157525
은평구,응암3동,1342,560,137,140,222,94,17,62,173,37.6044517,126.9169535
은평구,역촌동,2181,922,250,236,305,184,29,98,311,37.5710621,126.9590269
서대문구,천연동,755,325,77,78,102,46,12,43,101,37.5877538,126.9451388
서대문구,홍제1동,945,403,97,109,146,77,14,31,122,37.5939752,126.9495272
서대문구,홍제3동,830,373,82,90,137,42,5,33,80,37.5859211,126.9491105
서대문구,홍제2동,608,263,81,68,94,24,6,16,46,37.5931972,126.9438888
서대문구,홍은1동,1058,478,113,118,154,58,16,35,109,37.5828653,126.9364458
서대문구,홍은2동,1225,522,132,125,152,91,20,68,179,37.574005,126.9133923
서대문구,남가좌1동,511,232,73,47,69,27,10,14,51,37.5784486,126.9237802
서대문구,남가좌2동,1188,505,128,117,179,79,15,72,166,37.5795042,126.9069208
서대문구,북가좌1동,686,289,86,73,93,55,14,19,88,37.581421,126.9111143
서대문구,북가좌2동,1613,737,150,151,247,105,16,81,202,37.5628962,126.9623598
서대문구,충현동,764,318,91,91,124,39,5,33,77,37.5609677,126.9542682
서대문구,북아현동,573,258,52,66,86,30,11,19,60,37.5594793,126.9435838
서대문구,신촌동,482,185,58,50,69,32,10,22,64,37.5717975,126.9325254
서대문구,연희동,1313,563,167,135,195,83,15,44,142,37.5417874,126.9416684
마포구,용강동,594,270,64,67,79,37,7,19,63,37.5498977,126.9427769
마포구,대흥동,503,224,59,48,65,34,8,18,60,37.5496169,126.9476266
마포구,염리동,409,167,40,58,63,25,5,21,51,37.5468417,126.934558
마포구,신수동,703,311,70,74,108,47,8,19,74,37.5534897,126.9177304
마포구,서교동,686,308,63,94,96,43,11,19,73,37.5463089,126.9101219
마포구,합정동,569,250,52,75,98,32,4,18,54,37.5551181,126.9055326
마포구,망원1동,824,359,92,93,113,54,11,31,96,37.5602564,126.9022268
마포구,망원2동,734,323,92,85,111,32,8,24,64,37.5644783,126.9220027
마포구,연남동,545,248,50,67,78,27,10,12,49,37.5632282,126.9078651
마포구,성산1동,678,305,57,74,93,32,16,36,84,37.5657426,126.9033058
마포구,성산2동,2010,824,232,219,278,175,22,113,310,37.5781711,126.894616
마포구,상암동,1137,470,128,127,142,94,31,34,159,37.5376491,126.9501677
마포구,도화동,750,289,83,85,130,43,13,41,97,37.5480085,126.9324192
마포구,서강동,669,297,85,68,98,34,12,21,67,37.5468697,126.9521717
마포구,공덕동,1458,633,139,180,221,103,20,57,180,37.5541171,126.9569379
마포구,아현동,682,309,76,67,106,38,11,22,71,37.5303155,126.8711197
양천구,목1동,708,303,86,74,97,53,21,17,91,37.5460906,126.8717032
양천구,목2동,1056,469,106,123,172,59,11,36,106,37.5448407,126.8643419
양천구,목3동,896,388,85,74,149,74,9,45,128,37.5323423,126.8683419
양천구,목4동,866,367,76,91,144,53,22,37,112,37.5329255,126.8313455
양천구,신월1동,1258,569,129,130,178,87,13,49,149,37.5249267,126.8445674
양천구,신월2동,999,471,96,95,148,76,13,35,124,37.5335914,126.8290407
양천구,신월3동,932,431,94,89,147,57,9,43,109,37.519981,126.8365553
양천구,신월4동,899,450,85,68,145,60,10,20,90,37.5396466,126.8273457
양천구,신월5동,720,331,56,81,113,47,10,30,87,37.5160668,126.8436787
양천구,신월6동,437,218,38,30,71,27,12,7,46,37.5218429,126.8346794
양천구,신월7동,1150,525,119,105,200,53,12,48,113,37.5184827,126.8542326
양천구,신정1동,565,235,68,71,99,29,11,13,53,37.5191779,126.870676
양천구,신정2동,734,328,85,50,104,55,16,31,102,37.5150671,126.8548167
양천구,신정3동,2116,922,231,204,325,161,40,77,278,37.5169831,126.8643707
양천구,신정6동,462,180,57,54,65,34,12,13,59,37.5143723,126.8596492
양천구,신정7동,1401,612,144,138,268,74,28,46,148,37.5350651,126.8785078
양천구,목5동,724,280,99,71,129,42,15,13,70,37.5233712,126.8586771
양천구,신정4동,1635,748,145,174,249,126,23,55,204,37.5540319,126.8717993
강서구,염창동,1072,466,113,108,178,71,29,26,126,37.5558122,126.8589261
강서구,등촌1동,735,318,59,74,145,47,12,12,71,37.5425909,126.8624812
강서구,등촌2동,728,319,83,57,119,38,12,29,79,37.5588666,126.8477051
강서구,등촌3동,3827,1493,443,355,532,316,33,367,716,37.5381184,126.8471024
강서구,화곡본동,1417,618,137,139,207,110,24,67,201,37.5319531,126.8544552
강서구,화곡2동,774,341,61,87,142,42,18,26,86,37.5425905,126.8382335
강서구,화곡3동,854,341,101,96,154,47,9,33,89,37.5330091,126.8632873
강서구,화곡4동,966,431,98,101,145,55,16,40,111,37.5517566,126.8500661
강서구,화곡6동,948,399,74,109,127,114,17,43,174,37.5326759,126.8485388
강서구,화곡8동,1054,456,105,115,173,71,11,36,118,37.5691433,126.8403436
강서구,가양1동,831,377,82,87,122,55,23,18,96,37.5672827,126.8510926
강서구,가양2동,2458,945,286,196,331,201,20,276,497,37.5610056,126.8604808
강서구,가양3동,1705,684,173,146,284,112,11,150,273,37.5530061,126.8333727
강서구,발산1동,1489,699,148,146,217,100,24,39,163,37.558949,126.8103748
강서구,공항동,1062,485,87,102,168,81,12,35,128,37.5714755,126.8122083
강서구,방화1동,1819,806,179,192,301,116,25,39,180,37.566671,126.8066809
강서구,방화2동,1604,713,167,142,245,116,11,88,215,37.5785856,126.8136239
강서구,방화3동,2002,880,224,168,305,126,14,142,282,37.530398,126.8415945
강서구,화곡1동,2123,958,195,266,323,102,24,90,216,37.5480629,126.841817
강서구,우장산동,1259,526,127,136,198,91,27,42,160,37.5077345,126.8805914
구로구,신도림동,933,419,84,99,137,68,24,22,114,37.4929862,126.8757043
구로구,구로1동,518,228,49,68,81,25,11,14,50,37.4859324,126.8932857
구로구,구로3동,931,426,88,109,145,57,12,28,97,37.4855983,126.8866194
구로구,구로4동,1214,575,94,140,183,73,14,39,126,37.5000966,126.8893137
구로구,구로5동,1106,523,127,117,143,61,18,26,105,37.5003741,126.8627053
구로구,고척1동,1117,534,113,99,170,78,12,28,118,37.5065122,126.8583166
구로구,고척2동,1325,610,131,135,188,95,17,54,166,37.4907641,126.8564832
구로구,개봉2동,1448,627,131,138,283,88,23,59,170,37.4859037,126.8537616
구로구,개봉3동,1065,484,97,105,189,65,17,34,116,37.4967632,126.8450681
구로구,오류1동,1106,491,98,125,174,78,11,57,146,37.4939023,126.8314305
구로구,수궁동,1252,548,118,110,188,112,31,32,175,37.4823943,126.888251
구로구,가리봉동,539,243,47,70,82,29,1,29,59,37.4912925,126.8834535
구로구,구로2동,1427,682,119,149,208,99,10,56,165,37.5021516,126.8471508
구로구,개봉1동,1728,787,172,169,248,124,24,68,216,37.4887641,126.8395129
구로구,오류2동,2018,846,230,207,327,141,47,75,263,37.481088,126.8250625
구로구,항동,553,212,54,49,82,56,16,27,99,37.4758795,126.8838298
금천구,가산동,743,369,68,70,114,39,3,29,71,37.4700734,126.8969528
금천구,독산1동,1975,866,201,204,281,134,21,105,260,37.4659619,126.8997027
금천구,독산2동,982,449,82,99,152,90,4,35,129,37.4765728,126.9080626
금천구,독산3동,1200,559,119,123,184,65,13,37,115,37.4676288,126.9020634
금천구,독산4동,810,366,55,89,125,65,16,28,109,37.4535195,126.9031187
금천구,시흥1동,1660,766,153,168,262,107,19,65,191,37.4501312,126.9165345
금천구,시흥2동,1142,507,128,109,200,65,18,28,111,37.4402712,126.9057858
금천구,시흥3동,564,251,54,49,92,37,8,20,65,37.4589629,126.9060902
금천구,시흥4동,1112,480,111,128,204,82,11,34,127,37.4492857,126.9104662
금천구,시흥5동,1202,551,109,132,184,84,10,50,144,37.5175402,126.9345308
영등포구,여의동,779,307,86,100,111,36,32,25,93,37.5249277,126.8974232
영등포구,당산1동,774,361,70,92,130,39,11,20,70,37.5347036,126.9021445
영등포구,당산2동,964,430,97,121,156,45,18,29,92,37.5236497,126.8882292
영등포구,양평1동,660,323,58,75,93,38,11,17,66,37.5377591,126.895923
영등포구,양평2동,604,298,58,54,82,36,10,15,61,37.5109018,126.9213373
영등포구,신길1동,828,378,75,80,148,36,8,33,77,37.507263,126.9077007
영등포구,신길3동,845,355,94,98,130,53,10,38,101,37.508319,126.9113663
영등포구,신길4동,609,276,70,61,89,41,5,15,61,37.5015967,126.9052561
영등포구,신길5동,560,246,67,52,97,36,6,17,59,37.499347,126.9098667
영등포구,신길6동,731,324,78,72,111,47,15,25,87,37.5063464,126.9213654
영등포구,신길7동,573,236,60,78,86,44,16,15,75,37.4953754,126.9058392
영등포구,대림1동,811,355,80,86,144,44,4,25,73,37.4926816,126.8982291
영등포구,대림2동,734,341,59,58,136,47,9,21,77,37.498236,126.8980349
영등포구,대림3동,1146,532,100,106,199,73,10,29,112,37.5132559,126.9057791
영등포구,영등포본동,1057,443,107,123,180,58,13,30,101,37.5132559,126.9057791
영등포구,영등포동,1053,455,106,111,165,71,8,55,134,37.5094016,126.8960068
영등포구,도림동,898,417,72,100,138,60,9,30,99,37.5169837,126.8993953
영등포구,문래동,912,435,106,84,138,45,14,18,77,37.5242657,126.8964831
영등포구,기타,1,1,0,0,0,0,0,0,0,37.5085134,126.9372528
동작구,노량진2동,661,279,70,81,108,48,4,30,82,37.4989895,126.9377193
동작구,상도1동,1493,629,144,195,241,89,27,44,160,37.5054029,126.9422524
동작구,상도2동,976,406,110,99,164,62,20,38,120,37.4991534,126.9315036
동작구,상도3동,1134,515,133,104,168,76,13,41,130,37.5004864,126.937725
동작구,상도4동,1293,551,113,130,272,77,23,50,150,37.476379,126.9735832
동작구,사당1동,806,340,76,89,125,50,13,35,98,37.4866557,126.971972
동작구,사당3동,766,329,78,71,130,47,19,24,90,37.4809894,126.9715562
동작구,사당4동,576,261,62,69,86,30,8,15,53,37.4857107,126.9667226
동작구,사당5동,528,233,59,48,81,22,15,26,63,37.5080962,126.9262539
동작구,대방동,1578,681,154,164,244,123,18,63,204,37.4889593,126.909978
동작구,신대방1동,827,355,98,77,140,61,17,22,100,37.4989034,126.9258932
동작구,신대방2동,707,311,82,65,117,41,14,17,72,37.5094857,126.9605285
동작구,흑석동,1119,513,114,111,169,57,12,45,114,37.512235,126.9419742
동작구,노량진1동,1229,515,127,130,210,73,11,52,136,37.4886556,126.9792213
동작구,사당2동,914,385,90,110,148,45,17,24,86,37.4880718,126.9326988
관악구,보라매동,1135,480,129,123,162,91,18,44,153,37.4917938,126.9586402
관악구,청림동,664,288,75,74,104,34,8,27,69,37.4805452,126.9571127
관악구,행운동,1070,468,107,117,156,73,9,59,141,37.4762397,126.9583907
관악구,낙성대동,472,212,54,46,74,27,10,13,50,37.4841276,126.9497523
관악구,중앙동,579,272,64,61,98,35,6,11,52,37.475074,126.965307
관악구,인헌동,917,408,83,96,155,55,9,45,109,37.4675553,126.9794198
관악구,남현동,560,250,52,60,77,36,5,28,69,37.4797388,126.9313932
관악구,서원동,804,337,74,109,127,52,8,23,83,37.4815445,126.9273105
관악구,신원동,827,347,76,87,135,56,8,46,110,37.4749615,126.934949
관악구,서림동,872,404,67,93,121,59,15,53,127,37.4852939,126.9180613
관악구,신사동,911,408,80,97,142,73,10,41,124,37.4626176,126.9383251
관악구,신림동,554,232,64,87,75,26,6,18,50,37.4616858,126.9188389
관악구,난향동,708,316,73,75,100,46,13,18,77,37.4810442,126.9090343
관악구,조원동,704,307,66,86,112,39,5,22,66,37.470546,126.9368929
관악구,대학동,732,331,62,80,87,45,10,52,107,37.4869051,126.94142
관악구,은천동,1687,740,181,198,239,118,24,67,209,37.4894329,126.9481693
관악구,성현동,1429,648,136,167,190,99,22,63,184,37.4791001,126.9416142
관악구,청룡동,1068,480,94,115,169,70,14,46,130,37.4693789,126.9202006
관악구,난곡동,1600,650,157,185,240,127,14,71,212,37.470074,126.9329493
관악구,삼성동,1542,682,148,132,267,106,20,76,202,37.476128,126.9156168
관악구,미성동,1430,649,147,146,225,81,19,40,140,37.4887673,127.0190234
서초구,서초1동,488,199,66,43,71,26,15,23,64,37.492017,127.0247167
서초구,서초2동,369,146,47,40,57,22,13,10,45,37.4836008,127.0124412
서초구,서초3동,731,281,79,88,104,51,27,21,99,37.5026266,127.0221057
서초구,서초4동,475,186,63,51,58,25,29,3,57,37.514847,127.0143281
서초구,잠원동,540,228,65,53,85,30,22,14,66,37.5031833,127.0079167
서초구,반포본동,183,74,29,17,23,12,11,1,24,37.506043,127.0126625
서초구,반포1동,562,247,63,68,74,28,12,17,57,37.5044869,126.9944423
서초구,반포2동,245,104,30,26,41,10,8,6,24,37.5119312,127.0055521
서초구,반포3동,352,139,44,31,56,19,15,10,44,37.4975719,127.000386
서초구,반포4동,347,131,36,39,55,25,8,10,43,37.4941271,126.9887762
서초구,방배본동,460,189,54,58,57,30,13,18,61,37.4832955,126.9944149
서초구,방배1동,479,198,47,61,69,22,7,17,46,37.4798788,126.9854989
서초구,방배2동,681,300,76,77,96,41,9,19,69,37.480185,126.9990806
서초구,방배3동,555,225,53,60,76,42,16,20,78,37.4895447,126.9912761
서초구,방배4동,593,230,67,101,82,29,9,17,55,37.4844071,127.0361048
서초구,양재1동,1955,830,220,191,263,160,42,100,302,37.4707419,127.0413547
서초구,양재2동,673,268,81,75,103,47,13,22,82,37.4617711,127.05116
서초구,내곡동,854,313,82,101,109,123,33,30,186,37.524124,127.022883
강남구,신사동,403,181,49,32,53,18,11,7,36,37.5115147,127.0283828
강남구,논현1동,574,245,65,80,60,50,8,17,75,37.5135304,127.0315341
강남구,논현2동,513,207,52,59,84,31,11,9,51,37.5117931,127.0553802
강남구,삼성1동,289,128,42,23,36,15,12,6,33,37.511098,127.0459091
강남구,삼성2동,544,206,72,70,72,30,24,23,77,37.4932114,127.0567416
강남구,대치1동,278,100,36,30,37,15,21,5,41,37.4994914,127.0610527
강남구,대치4동,398,172,40,42,49,23,9,13,45,37.4999072,127.0373932
강남구,역삼1동,765,363,81,80,100,42,13,17,72,37.4959889,127.0467425
강남구,역삼2동,638,263,74,72,85,31,18,23,72,37.4898434,127.0438136
강남구,도곡1동,390,159,53,36,54,31,16,9,56,37.4824625,127.0430492
강남구,도곡2동,503,213,80,47,61,24,17,7,48,37.4789643,127.0609282
강남구,개포1동,221,98,27,21,31,14,6,6,26,37.4788251,127.0515205
강남구,개포4동,591,212,74,66,77,53,25,26,104,37.4810133,127.0801089
강남구,일원본동,718,205,56,41,63,67,87,141,295,37.4917961,127.0879606
강남구,일원1동,1089,418,122,108,132,73,42,99,214,37.4921008,127.073629
강남구,일원2동,1164,423,136,119,180,92,46,86,224,37.4889628,127.105154
강남구,수서동,2150,874,215,209,237,156,33,229,418,37.4692712,127.1073203
강남구,세곡동,1967,808,227,205,271,141,91,73,305,37.531684,127.0302926
강남구,압구정동,486,196,65,48,74,29,16,6,51,37.5231998,127.0486655
강남구,청담동,510,214,59,62,71,32,18,8,58,37.5021274,127.0641296
강남구,대치2동,585,218,85,62,71,38,31,14,83,37.4896011,127.0687685
강남구,개포2동,423,174,44,50,65,23,17,10,50,37.5280898,127.0355331
강남구,기타,1,0,0,0,0,0,1,0,1,37.5382351,127.1220949
송파구,풍납1동,670,273,77,71,119,43,17,18,78,37.5286251,127.1164568
송파구,풍납2동,828,360,98,71,123,56,22,25,103,37.4970185,127.143372
송파구,거여1동,625,281,56,72,89,54,13,13,80,37.493491,127.1468718
송파구,거여2동,1011,372,91,92,117,217,24,37,278,37.4959357,127.1498994
송파구,마천1동,1229,555,122,117,180,83,32,41,156,37.4968796,127.1485105
송파구,마천2동,1229,563,113,129,175,83,14,53,150,37.5109334,127.1238455
송파구,방이1동,438,188,38,47,61,34,14,11,59,37.5145158,127.1144024
송파구,방이2동,770,357,88,80,95,41,12,32,85,37.5154331,127.1343724
송파구,오륜동,293,121,37,26,39,18,13,7,38,37.5029895,127.1278734
송파구,오금동,1427,582,174,153,179,106,66,35,207,37.5058778,127.1096251
송파구,송파1동,695,295,87,92,83,38,16,27,81,37.5022674,127.1166805
송파구,송파2동,523,233,51,51,51,45,22,20,87,37.503517,127.1035697
송파구,석촌동,1019,448,105,99,143,71,23,41,135,37.5027949,127.0925158
송파구,삼전동,935,405,111,100,121,45,20,44,109,37.4954903,127.1217072
송파구,가락본동,767,345,80,79,91,42,25,21,88,37.4964619,127.1055147
송파구,가락1동,532,225,63,49,59,35,33,10,78,37.498712,127.1266796
송파구,가락2동,929,396,93,108,122,70,23,26,119,37.490047,127.1241801
송파구,문정1동,584,245,65,50,71,63,21,16,100,37.4898248,127.1108474
송파구,문정2동,519,225,62,46,77,26,21,7,54,37.5061273,127.0842945
송파구,잠실본동,800,345,86,91,108,40,14,36,90,37.5200285,127.1084342
송파구,잠실4동,437,180,53,42,51,30,24,11,65,37.5179042,127.1007366
송파구,잠실6동,371,136,49,45,58,22,17,10,49,37.5087379,127.0770452
송파구,잠실7동,211,90,32,16,27,10,6,4,20,37.5156676,127.0856413
송파구,잠실2동,569,235,70,64,82,33,28,7,68,37.5071834,127.0941266
송파구,잠실3동,691,283,78,70,96,51,24,16,91,37.4773867,127.1285282
송파구,장지동,1343,555,161,120,176,126,71,45,242,37.4811919,127.1441343
송파구,위례동,841,349,79,89,123,63,40,18,121,37.5626796,127.1742333
강동구,강일동,1700,745,214,175,230,124,43,42,209,37.5511064,127.1646653
강동구,상일동,926,406,112,94,117,74,27,19,120,37.5497341,127.1459813
강동구,명일1동,886,377,84,95,127,79,19,28,126,37.5463186,127.1512869
강동구,명일2동,450,177,41,49,68,38,15,13,66,37.558983,127.1489257
강동구,고덕1동,718,290,89,77,79,65,32,19,116,37.5604551,127.1643122
강동구,고덕2동,811,323,77,80,82,149,21,33,203,37.5517335,127.1272331
강동구,암사2동,514,226,61,66,67,33,9,13,55,37.5552053,127.1382039
강동구,암사3동,560,251,59,48,65,57,22,12,91,37.5450685,127.1367043
강동구,천호1동,1441,615,167,150,190,103,39,67,209,37.539763,127.1297892
강동구,천호3동,1314,595,145,142,181,82,14,59,155,37.530375,127.1223451
강동구,성내1동,662,276,87,72,98,32,21,12,65,37.5323199,127.1294284
강동구,성내2동,1053,460,106,109,160,58,23,46,127,37.5259868,127.1329002
강동구,성내3동,886,404,89,89,115,59,24,32,115,37.5234321,127.1366779
강동구,둔촌1동,3,3,0,0,0,0,0,0,0,37.53332,127.1419272
강동구,둔촌2동,971,442,105,86,126,77,21,29,127,37.5514287,127.1325655
강동구,암사1동,1682,722,176,195,216,127,35,75,237,37.543462,127.1231788
강동구,천호2동,1735,767,179,191,251,102,27,66,195,37.5392074,127.1461206
강동구,길동,1995,878,210,212,279,128,34,73,235,37.53889368,127.1435743
