자치구,동,합계,9세미만,10~19세,20~29세,30~39세,40~49세,50~59세,60~69세,70~79세,80세이상,위도,경도
종로구,사직동,284,8,16,17,17,23,29,49,55,70,37.5848379,126.9819133
종로구,삼청동,110,0,3,1,3,14,16,22,24,27,37.5962608,126.9676991
종로구,부암동,317,2,9,16,19,23,46,62,67,73,37.6053351,126.9668582
종로구,평창동,538,7,7,24,28,40,79,113,110,130,37.5773553,126.9586242
종로구,무악동,328,5,17,19,12,25,48,54,81,67,37.5718391,126.9619706
종로구,교남동,359,4,11,9,19,35,56,72,94,59,37.5800055,126.9846912
종로구,가회동,177,1,3,15,12,13,19,31,49,34,37.5706457,126.988968
종로구,종로1.2.3.4가동,398,0,1,8,15,32,81,108,89,64,37.5719508,127.0050224
종로구,종로5·6가동,255,1,2,9,15,15,47,59,70,37,37.5769232,127.0043003
종로구,이화동,328,3,7,13,18,21,61,63,69,73,37.5706742,127.0163263
종로구,창신1동,316,2,4,9,11,18,69,94,60,49,37.5744237,127.0108268
종로구,창신2동,486,0,7,21,15,47,88,118,127,63,37.5777563,127.0149653
종로구,창신3동,340,2,9,13,9,19,55,87,92,54,37.5777283,127.0156602
종로구,숭인1동,292,3,9,4,18,31,46,64,70,47,37.5748398,127.0199379
종로구,숭인2동,436,0,7,12,21,29,85,106,115,61,37.5840608,126.9705804
종로구,청운효자동,461,8,32,41,31,32,68,75,99,75,37.586755,127.0003554
종로구,혜화동,590,5,22,23,31,61,76,91,161,120,36.3255706,127.4213488
중구,소공동,29,0,0,1,0,4,6,10,3,5,37.5572302,126.9793303
중구,회현동,296,1,1,4,12,19,48,80,82,49,37.55998,126.9858296
중구,명동,130,1,0,5,8,9,25,31,32,19,37.5600911,126.9955787
중구,필동,173,3,3,5,11,11,29,49,27,35,37.5617581,127.0077164
중구,장충동,198,1,4,6,8,6,20,39,67,47,37.5644798,127.0052446
중구,광희동,250,0,2,8,12,18,34,57,69,50,37.5667292,126.9913019
중구,을지로동,87,0,0,2,4,3,15,35,15,13,37.565064,127.021826
중구,ㄴ,495,1,5,21,15,56,80,107,129,81,37.5674517,127.0214099
중구,황학동,499,5,10,20,38,35,70,123,133,65,37.5547582,126.9644988
중구,중림동,534,8,7,18,19,51,89,131,121,90,37.5615738,127.0194523
중구,신당동,390,1,4,13,15,41,71,79,107,59,37.554376,127.0084746
중구,다산동,653,1,9,25,26,40,93,150,187,122,37.554347,127.011001
중구,약수동,892,6,11,19,31,68,130,200,245,182,37.5615738,127.0194523
중구,청구동,634,7,9,15,23,59,111,159,151,100,37.559973,127.018296
중구,동화동,440,13,5,21,20,27,67,98,85,104,37.5321226,126.9903026
용산구,후암동,767,14,25,41,48,76,108,159,168,128,37.5458707,126.9854421
용산구,용산2가동,468,4,6,19,22,45,67,105,115,85,37.5455655,126.9744151
용산구,남영동,549,1,3,14,27,65,128,156,98,57,37.5342605,126.9515837
용산구,원효로2동,469,11,10,15,19,47,70,106,111,80,37.5417318,126.9613055
용산구,효창동,344,5,8,11,16,24,44,81,79,76,37.5383431,126.9584999
용산구,용문동,488,6,14,22,27,30,83,105,125,76,37.5212905,126.973027
용산구,이촌1동,528,12,14,25,23,38,67,86,104,159,37.5268725,126.9541116
용산구,이촌2동,370,8,8,10,23,22,54,89,78,78,37.5323175,126.9949965
용산구,이태원1동,231,4,8,7,10,19,28,43,58,54,37.5407324,126.9897188
용산구,이태원2동,326,3,6,12,14,36,44,63,74,74,37.520402,126.9945799
용산구,서빙고동,380,8,16,19,12,27,63,61,73,101,37.5265039,127.0011919
용산구,보광동,594,4,5,13,29,50,104,132,159,98,37.5435097,126.9696097
용산구,청파동,828,3,20,38,42,82,166,151,189,137,37.5388162,126.9657772
용산구,원효로1동,471,11,9,24,36,53,61,95,108,74,37.5290615,126.9694881
용산구,한강로동,525,7,11,26,23,46,79,80,142,111,37.5311789,127.0062454
용산구,한남동,622,7,7,16,35,55,96,125,179,102,37.5582108,127.0344343
성동구,왕십리2동,663,12,14,28,28,61,84,168,164,104,37.5662583,127.0453796
성동구,마장동,1071,8,35,64,51,74,169,249,247,174,37.5610919,127.0459627
성동구,사근동,383,3,4,15,13,34,45,77,123,69,37.5584261,127.0361028
성동구,행당1동,517,8,12,20,30,38,93,101,126,89,37.55787,127.0292984
성동구,행당2동,906,12,14,31,39,73,146,192,249,150,37.5505499,127.0341139
성동구,응봉동,546,5,14,26,17,45,66,110,134,129,37.5547592,127.0211043
성동구,금호1가동,670,7,8,12,36,53,109,159,161,125,37.5472602,127.0223264
성동구,금호4가동,529,10,9,21,27,38,84,125,122,93,37.5393726,127.0475472
성동구,성수1가1동,585,4,8,36,26,52,125,130,117,87,37.5462887,127.0442133
성동구,성수1가2동,487,5,8,16,24,38,79,108,117,92,37.5394557,127.0540185
성동구,성수2가1동,807,6,16,31,34,51,153,215,183,118,37.5483166,127.0549622
성동구,성수2가3동,426,7,5,18,20,25,82,83,101,85,37.5527653,127.0608277
성동구,송정동,522,8,8,23,24,50,107,115,118,69,37.5640647,127.0554067
성동구,용답동,647,6,8,17,29,51,131,169,156,80,37.5659801,127.031437
성동구,왕십리도선동,992,18,20,38,50,93,171,220,216,166,37.5529815,127.0211044
성동구,금호2.3가동,939,10,15,36,34,79,158,215,230,162,37.5435935,127.0134664
성동구,옥수동,722,14,15,26,49,61,102,154,160,141,37.5374949,127.0705895
광진구,화양동,541,0,4,40,41,49,62,129,133,83,37.5530066,127.0736292
광진구,군자동,795,10,14,33,39,67,156,172,193,111,37.5606486,127.0799594
광진구,중곡1동,674,10,9,24,32,84,119,159,155,82,37.5602037,127.0815433
광진구,중곡2동,872,11,15,35,42,66,156,214,217,116,37.5687026,127.0800152
광진구,중곡3동,754,7,11,26,30,69,128,196,189,98,37.5653701,127.0874036
광진구,중곡4동,1328,11,10,54,65,125,258,333,305,167,37.5535934,127.0791827
광진구,능동,382,3,5,15,24,45,55,74,104,57,37.5424289,127.0857094
광진구,구의1동,814,6,16,46,41,72,138,181,186,128,37.5473444,127.0900148
광진구,구의2동,1091,10,25,45,64,101,208,239,252,147,37.5389296,127.0976813
광진구,구의3동,802,15,18,46,43,84,119,153,170,154,37.5478086,127.1052825
광진구,광장동,725,18,26,38,34,78,111,133,136,151,37.5344848,127.0822379
광진구,자양1동,947,8,13,46,48,74,167,225,221,145,37.5287076,127.0846269
광진구,자양2동,945,11,22,44,39,88,154,244,211,132,37.5337907,127.0729889
광진구,자양3동,809,9,25,34,49,61,123,165,173,170,37.5401508,127.0650175
광진구,자양4동,874,1,10,32,38,62,146,249,209,127,37.5792622,127.0554405
동대문구,회기동,330,0,7,19,18,28,38,69,86,65,37.5928664,127.0656829
동대문구,휘경1동,526,11,5,20,30,44,73,113,148,82,37.5911446,127.0677097
동대문구,휘경2동,891,11,17,34,36,72,117,214,243,147,37.588908,127.0445965
동대문구,청량리동,1268,2,11,33,47,88,160,334,356,237,37.5762288,127.0302138
동대문구,용신동,1466,8,3,52,60,118,251,359,358,257,37.5833567,127.0367969
동대문구,제기동,1391,10,22,45,47,96,199,326,391,255,37.5763402,127.0562953
동대문구,전농1동,1526,12,22,39,62,123,264,370,372,262,37.578451,127.0576841
동대문구,전농2동,926,8,14,29,32,72,150,216,229,176,37.5720638,127.0594611
동대문구,답십리2동,1444,13,20,48,71,114,236,363,359,220,37.5677585,127.0663775
동대문구,장안1동,1716,23,36,54,120,156,283,423,407,214,37.5783962,127.0705438
동대문구,장안2동,1332,14,19,42,58,129,218,339,320,193,37.594477,127.0565167
동대문구,이문1동,809,3,10,35,39,67,120,199,192,144,37.6032541,127.0650987
동대문구,이문2동,995,12,28,38,39,81,145,208,286,158,37.5716467,127.0515179
동대문구,답십리1동,1081,10,23,45,42,96,176,244,265,180,37.6062092,127.0927453
중랑구,면목2동,1266,16,24,35,51,120,239,287,325,169,37.574675,127.0855975
중랑구,면목4동,1262,7,20,35,44,106,231,353,344,122,37.5857565,127.0795427
중랑구,면목5동,623,7,13,17,32,52,131,141,156,74,37.5788965,127.0867362
중랑구,면목7동,1042,9,8,43,40,80,191,261,252,158,37.5998379,127.0871526
중랑구,상봉1동,1400,13,25,55,75,116,275,371,288,182,37.5923388,127.0832922
중랑구,상봉2동,835,6,7,35,27,85,136,217,203,119,37.6011436,127.0805692
중랑구,중화1동,889,12,22,35,40,71,144,227,215,123,37.5949493,127.0748759
중랑구,중화2동,1522,18,14,57,63,124,315,397,334,200,37.6123362,127.0784581
중랑구,묵1동,1486,20,33,65,72,139,221,349,354,233,37.6113617,127.0787546
중랑구,묵2동,915,7,18,41,37,82,168,239,216,107,37.5927,127.0981797
중랑구,망우3동,965,9,17,44,35,78,203,255,208,116,37.6057824,127.0994562
중랑구,신내1동,1923,30,54,67,83,159,277,451,454,348,37.6062543,127.0941517
중랑구,신내2동,1458,11,19,42,63,87,255,453,317,211,37.5873125,127.0874309
중랑구,면목본동,1750,10,18,71,87,163,342,427,414,218,37.582979,127.088014
중랑구,면목3.8동,1319,15,21,39,64,100,246,322,325,187,37.6012551,127.1065397
중랑구,망우본동,1739,11,34,62,83,116,338,413,418,264,37.5980785,127.0145949
성북구,돈암1동,622,8,12,16,23,31,97,129,176,130,37.5978368,127.0107711
성북구,돈암2동,689,10,13,27,23,63,102,130,176,145,37.5858384,127.0213534
성북구,안암동,579,12,39,68,21,41,80,110,119,89,37.5803121,127.0227704
성북구,보문동,602,8,8,27,25,47,109,129,155,94,37.6013925,127.0166034
성북구,정릉1동,680,14,15,24,21,69,87,145,192,113,37.604475,127.0109379
성북구,정릉2동,975,12,18,43,41,94,152,240,228,147,37.6087243,127.0041325
성북구,정릉3동,734,9,16,31,23,56,101,160,194,144,37.6133078,127.006965
성북구,정릉4동,1044,8,20,33,53,98,161,229,256,186,37.6041422,127.0221588
성북구,길음1동,1036,23,47,42,48,121,147,171,270,167,37.606614,127.0272973
성북구,길음2동,605,10,14,24,23,68,89,137,136,104,37.610225,127.0374875
성북구,월곡1동,1178,20,24,34,39,143,166,250,311,191,37.6025867,127.0394902
성북구,월곡2동,903,5,14,32,33,73,156,215,218,157,37.6139744,127.0436564
성북구,장위1동,1089,11,26,41,35,107,215,239,253,162,37.6122528,127.0545994
성북구,장위2동,719,5,12,32,26,68,131,143,189,113,37.6165023,127.0565711
성북구,장위3동,674,9,15,30,43,77,109,157,165,69,37.5909485,127.003439
성북구,성북동,575,4,16,21,36,64,88,101,116,129,37.5939763,127.0105212
성북구,삼선동,860,8,19,20,34,78,126,175,230,170,37.5935604,127.0157427
성북구,동선동,560,4,8,26,28,56,72,107,165,94,37.6001709,127.031602
성북구,종암동,1595,18,34,63,63,137,260,307,375,338,37.6084827,127.0609186
성북구,석관동,1771,13,19,62,76,147,273,473,447,261,37.6406097,127.0140472
강북구,번1동,995,8,14,43,55,88,173,232,245,137,37.6321391,127.0386284
강북구,번2동,1354,8,20,51,52,113,225,322,376,187,37.625834,127.0465718
강북구,번3동,2029,9,25,44,59,152,353,510,632,245,37.6387326,127.0089103
강북구,수유1동,1296,37,57,82,85,107,183,264,285,196,37.6446372,127.0198799
강북구,수유2동,1101,12,27,46,42,85,161,256,275,197,37.63886,127.0231577
강북구,수유3동,1110,7,18,47,63,97,200,274,230,174,37.620695,127.0127143
강북구,삼양동,1376,18,31,62,49,118,258,302,342,196,37.6268335,127.0269077
강북구,미아동,1175,8,17,55,56,85,187,275,304,188,37.615974,127.0336574
강북구,송중동,1433,13,23,54,59,131,226,336,393,198,37.6180845,127.0237133
강북구,송천동,1541,10,17,54,66,127,252,376,422,217,37.6166126,127.0174369
강북구,삼각산동,1246,29,44,40,53,127,204,271,290,188,37.6479697,127.0118806
강북구,우이동,994,5,21,37,41,77,154,229,265,165,37.6351934,127.0191862
강북구,인수동,1791,12,35,77,96,135,305,384,444,303,37.6825072,127.0480747
도봉구,쌍문1동,1123,15,21,45,54,81,181,269,283,174,37.6579969,127.0388217
도봉구,쌍문2동,949,12,17,36,41,80,160,225,219,159,37.6488868,127.027851
도봉구,쌍문3동,828,7,13,45,40,62,136,185,212,128,37.6564409,127.0284897
도봉구,쌍문4동,688,7,20,33,33,49,120,143,144,139,37.6641352,127.0406833
도봉구,방학1동,1502,12,30,59,56,121,268,342,403,211,37.6683016,127.0350997
도봉구,방학2동,1234,17,27,59,44,133,241,288,269,156,37.6591356,127.0279067
도봉구,방학3동,1040,15,28,47,38,85,159,227,224,217,37.6483312,127.0437665
도봉구,창1동,1013,7,17,41,60,88,129,219,260,192,37.6412489,127.0354345
도봉구,창2동,1329,15,22,48,68,124,233,306,323,190,37.6379994,127.0428778
도봉구,창3동,784,7,26,28,34,59,142,166,216,106,37.6521919,127.0515706
도봉구,창4동,1001,12,22,51,43,76,157,206,219,215,37.6519147,127.0390998
도봉구,창5동,997,19,26,53,49,66,165,225,220,174,37.6786055,127.0433486
도봉구,도봉1동,1481,10,18,64,71,139,235,342,358,244,37.6695786,127.0464596
도봉구,도봉2동,1467,14,22,43,76,103,204,366,385,254,37.6209907,127.0677355
노원구,월계1동,1026,6,24,43,32,93,143,217,280,188,37.6324443,127.0507382
노원구,월계2동,2298,21,41,68,101,217,412,622,504,312,37.620919,127.0692367
노원구,월계3동,1962,11,22,58,87,150,295,551,490,298,37.6211412,127.0832634
노원구,공릉2동,1353,23,46,61,60,121,210,302,302,228,37.6405557,127.0725689
노원구,하계1동,2126,8,46,117,124,186,393,535,420,297,37.6320006,127.0679316
노원구,하계2동,993,8,28,47,44,79,169,206,241,171,37.6514398,127.0831273
노원구,중계본동,810,7,31,42,34,95,128,168,170,135,37.6525543,127.077485
노원구,중계1동,729,12,42,31,26,95,129,137,147,110,37.6587195,127.0779568
노원구,중계4동,1529,5,37,44,45,105,292,393,381,227,37.6796616,127.0549865
노원구,상계1동,1906,24,53,85,137,168,267,433,436,303,37.6587754,127.0684857
노원구,상계2동,891,11,32,50,51,90,143,184,190,140,37.6628859,127.0693465
노원구,상계5동,1312,8,26,52,66,122,209,285,315,229,37.6666901,127.0515152
노원구,상계8동,711,11,14,29,68,87,103,127,158,114,37.6644966,127.063792
노원구,상계9동,760,18,18,37,33,73,117,176,150,138,37.6612189,127.0601815
노원구,상계10동,538,7,13,42,34,49,76,116,103,98,37.6637749,127.0753459
노원구,상계3.4동,1647,10,31,41,84,148,263,399,418,253,37.6530259,127.0581539
노원구,상계6.7동,1282,26,38,55,71,124,226,261,244,237,37.6406105,127.0651536
노원구,중계2.3동,3205,15,53,127,117,281,551,803,784,474,37.6248346,127.0737922
노원구,공릉1동,2234,18,39,70,103,174,395,604,523,308,37.6190488,126.9283793
은평구,녹번동,1635,15,29,63,75,136,254,349,420,294,37.6103068,126.9319455
은평구,불광1동,1701,17,39,63,65,151,228,357,426,355,37.623527,126.9167796
은평구,갈현1동,1067,10,26,45,43,100,199,252,231,161,37.6185555,126.9157518
은평구,갈현2동,1235,15,21,65,48,114,207,260,314,191,37.6117223,126.9103085
은평구,구산동,2248,30,77,104,128,276,449,493,435,256,37.6141112,126.9208904
은평구,대조동,1251,9,19,71,55,112,177,276,300,232,37.6006409,126.9267232
은평구,응암1동,1281,27,36,38,72,108,179,260,338,223,37.5945306,126.9231128
은평구,응암2동,942,32,34,34,40,95,134,203,223,147,37.598002,126.9121697
은평구,신사1동,1236,10,26,73,76,118,204,248,300,181,37.5918918,126.9124479
은평구,신사2동,970,13,31,49,41,73,154,213,241,155,37.5849961,126.907314
은평구,증산동,698,4,13,26,41,54,105,173,176,106,37.5840042,126.8955434
은평구,수색동,564,4,19,31,22,40,84,127,150,87,37.6413466,126.9421897
은평구,진관동,1950,39,77,77,92,193,263,376,463,370,37.6215274,126.9276956
은평구,불광2동,1472,15,28,51,66,122,238,351,355,246,37.5922528,126.9157525
은평구,응암3동,1342,11,27,53,63,99,219,286,345,239,37.6044517,126.9169535
은평구,역촌동,2181,40,48,91,122,196,350,478,534,322,37.5782039,126.9386097
서대문구,천연동,755,11,20,25,23,42,114,166,185,169,37.5877538,126.9451388
서대문구,홍제1동,945,12,23,44,38,63,148,210,217,190,37.5939752,126.9495272
서대문구,홍제3동,830,7,10,36,29,65,116,161,231,175,37.5859211,126.9491105
서대문구,홍제2동,608,6,17,24,20,40,84,123,175,119,37.5931972,126.9438888
서대문구,홍은1동,1058,15,21,33,45,76,157,235,257,219,37.5828653,126.9364458
서대문구,홍은2동,1225,15,28,63,55,118,211,267,276,192,37.574005,126.9133923
서대문구,남가좌1동,511,13,10,18,18,41,76,110,124,101,37.5784486,126.9237802
서대문구,남가좌2동,1188,23,26,47,60,105,181,277,282,187,37.5795042,126.9069208
서대문구,북가좌1동,686,11,25,30,33,72,91,135,172,117,37.581421,126.9111143
서대문구,북가좌2동,1613,22,32,65,66,152,244,384,397,251,37.5628962,126.9623598
서대문구,충현동,764,6,11,28,33,70,124,181,159,152,37.5609677,126.9542682
서대문구,북아현동,573,8,18,15,24,36,104,134,144,90,37.5594793,126.9435838
서대문구,신촌동,482,12,12,37,24,39,68,90,100,100,37.5717975,126.9325254
서대문구,연희동,1313,20,26,62,60,87,185,261,352,260,37.5651596,126.89847
마포구,용강동,594,8,17,19,24,70,85,132,143,96,37.5498977,126.9427769
마포구,대흥동,503,8,11,20,32,48,73,104,118,89,37.5496169,126.9476266
마포구,염리동,409,8,3,16,21,44,72,70,103,72,37.5468417,126.934558
마포구,신수동,703,12,18,29,34,75,86,135,192,122,37.5534897,126.9177304
마포구,서교동,686,7,7,46,54,74,97,127,161,113,37.5463089,126.9101219
마포구,합정동,569,3,10,25,29,51,85,106,147,113,37.5551181,126.9055326
마포구,망원1동,824,6,14,27,51,83,130,184,197,132,37.5602564,126.9022268
마포구,망원2동,734,7,14,29,29,60,123,154,195,123,37.5644783,126.9220027
마포구,연남동,545,7,11,20,34,38,65,117,134,119,37.5632282,126.9078651
마포구,성산1동,678,7,26,23,34,74,115,136,169,94,37.5657426,126.9033058
마포구,성산2동,2010,18,64,84,95,184,293,449,505,318,37.5781711,126.894616
마포구,상암동,1137,18,49,67,53,115,173,226,233,203,37.5376491,126.9501677
마포구,도화동,750,6,17,33,34,48,113,139,197,163,37.5480085,126.9324192
마포구,서강동,669,14,20,33,29,56,109,132,151,125,37.5468697,126.9521717
마포구,공덕동,1458,19,21,52,60,135,240,309,338,284,37.5541171,126.9569379
마포구,아현동,682,5,18,36,34,62,107,150,144,126,37.5169508,126.8665644
양천구,목1동,708,17,33,38,31,81,99,126,177,106,37.5460906,126.8717032
양천구,목2동,1056,13,21,42,57,121,152,262,217,171,37.5448407,126.8643419
양천구,목3동,896,11,13,38,48,96,162,222,160,146,37.5323423,126.8683419
양천구,목4동,866,13,26,41,43,88,160,176,193,126,37.5329255,126.8313455
양천구,신월1동,1258,7,27,40,55,114,238,349,276,152,37.5249267,126.8445674
양천구,신월2동,999,17,19,35,43,94,149,264,239,139,37.5335914,126.8290407
양천구,신월3동,932,13,24,28,28,95,191,230,220,103,37.519981,126.8365553
양천구,신월4동,899,12,21,34,42,84,147,204,231,124,37.5396466,126.8273457
양천구,신월5동,720,8,11,27,46,61,124,172,163,108,37.5160668,126.8436787
양천구,신월6동,437,11,16,12,17,40,73,121,82,65,37.5218429,126.8346794
양천구,신월7동,1150,8,11,39,42,90,186,296,272,206,37.5184827,126.8542326
양천구,신정1동,565,7,11,20,21,54,89,124,137,102,37.5191779,126.870676
양천구,신정2동,734,18,18,28,37,59,104,192,172,106,37.5150671,126.8548167
양천구,신정3동,2116,26,71,98,94,180,339,504,488,316,37.5169831,126.8643707
양천구,신정6동,462,9,12,35,23,48,73,92,92,78,37.5143723,126.8596492
양천구,신정7동,1401,13,34,50,44,91,233,328,334,274,37.5350651,126.8785078
양천구,목5동,724,9,28,34,32,74,108,116,170,153,37.5233712,126.8586771
양천구,신정4동,1635,17,31,65,87,182,268,396,395,194,37.5464519,126.8623147
강서구,염창동,1072,28,44,50,63,107,143,230,232,175,37.5558122,126.8589261
강서구,등촌1동,735,8,15,42,54,63,88,156,136,173,37.5425909,126.8624812
강서구,등촌2동,728,9,18,23,47,57,106,183,163,122,37.5588666,126.8477051
강서구,등촌3동,3827,7,33,123,149,283,828,1161,719,524,37.5381184,126.8471024
강서구,화곡본동,1417,23,33,65,99,151,237,352,294,163,37.5319531,126.8544552
강서구,화곡2동,774,14,18,32,45,75,147,183,185,75,37.5425905,126.8382335
강서구,화곡3동,854,7,15,26,43,64,127,213,222,137,37.5330091,126.8632873
강서구,화곡4동,966,13,12,31,49,94,178,229,221,139,37.5517566,126.8500661
강서구,화곡6동,948,12,20,56,66,102,168,215,198,111,37.5326759,126.8485388
강서구,화곡8동,1054,11,22,39,54,88,163,257,275,145,37.5691433,126.8403436
강서구,가양1동,831,13,31,48,78,78,138,193,129,123,37.5672827,126.8510926
강서구,가양2동,2458,8,19,69,88,157,511,865,448,293,37.5610056,126.8604808
강서구,가양3동,1705,6,11,36,75,127,300,512,389,249,37.5530061,126.8333727
강서구,발산1동,1489,26,45,56,73,156,278,321,313,221,37.558949,126.8103748
강서구,공항동,1062,17,17,43,50,111,190,273,222,139,37.5714755,126.8122083
강서구,방화1동,1819,31,48,61,95,171,279,422,422,290,37.566671,126.8066809
강서구,방화2동,1604,10,15,47,88,131,267,423,381,242,37.5785856,126.8136239
강서구,방화3동,2002,7,21,43,78,143,344,583,460,323,37.530398,126.8415945
강서구,화곡1동,2123,18,20,81,121,215,359,554,495,260,37.5480629,126.841817
강서구,우장산동,1259,25,30,72,66,136,178,292,294,166,37.4925043,126.8949615
구로구,신도림동,933,13,33,42,73,92,115,205,202,158,37.4929862,126.8757043
구로구,구로1동,518,12,15,20,22,45,70,128,116,90,37.4859324,126.8932857
구로구,구로3동,931,16,16,29,54,82,148,200,222,164,37.4855983,126.8866194
구로구,구로4동,1214,6,17,41,69,106,186,319,308,162,37.5000966,126.8893137
구로구,구로5동,1106,16,17,45,59,92,176,252,288,161,37.5003741,126.8627053
구로구,고척1동,1117,12,24,36,55,96,166,263,300,165,37.5065122,126.8583166
구로구,고척2동,1325,18,25,51,52,115,216,323,324,201,37.4907641,126.8564832
구로구,개봉2동,1448,17,31,51,74,117,221,377,358,202,37.4859037,126.8537616
구로구,개봉3동,1065,10,13,33,43,102,173,276,256,159,37.4967632,126.8450681
구로구,오류1동,1106,20,10,43,77,100,164,255,275,162,37.4939023,126.8314305
구로구,수궁동,1252,21,39,56,86,98,203,286,307,156,37.4823943,126.888251
구로구,가리봉동,539,2,5,13,25,44,106,142,124,78,37.4912925,126.8834535
구로구,구로2동,1427,11,26,41,64,112,266,339,357,211,37.5021516,126.8471508
구로구,개봉1동,1728,16,39,78,92,151,276,421,390,265,37.4887641,126.8395129
구로구,오류2동,2018,31,70,87,103,193,299,448,510,277,37.481088,126.8250625
구로구,항동,553,23,19,32,47,74,75,131,93,59,37.4518527,126.9020358
금천구,가산동,743,9,6,45,50,83,135,163,168,84,37.4700734,126.8969528
금천구,독산1동,1975,23,31,72,102,183,388,482,455,239,37.4659619,126.8997027
금천구,독산2동,982,8,25,30,47,76,212,243,228,113,37.4765728,126.9080626
금천구,독산3동,1200,10,18,49,50,113,239,307,263,151,37.4676288,126.9020634
금천구,독산4동,810,7,16,33,40,65,171,206,182,90,37.4535195,126.9031187
금천구,시흥1동,1660,17,33,69,69,136,332,398,385,221,37.4501312,126.9165345
금천구,시흥2동,1142,17,22,34,43,79,218,274,276,179,37.4402712,126.9057858
금천구,시흥3동,564,5,8,15,29,52,92,142,149,72,37.4589629,126.9060902
금천구,시흥4동,1112,8,17,44,51,107,197,276,256,156,37.4492857,126.9104662
금천구,시흥5동,1202,12,21,40,40,102,223,276,289,199,37.5259828,126.9000894
영등포구,여의동,779,15,24,39,41,54,95,142,175,194,37.5249277,126.8974232
영등포구,당산1동,774,7,14,27,44,82,102,171,177,150,37.5347036,126.9021445
영등포구,당산2동,964,10,24,43,71,71,131,192,232,190,37.5236497,126.8882292
영등포구,양평1동,660,7,14,19,47,60,84,143,178,108,37.5377591,126.895923
영등포구,양평2동,604,9,13,23,38,52,99,137,125,108,37.5109018,126.9213373
영등포구,신길1동,828,6,11,30,33,81,114,173,222,158,37.507263,126.9077007
영등포구,신길3동,845,9,15,27,40,77,145,201,218,113,37.508319,126.9113663
영등포구,신길4동,609,3,6,19,31,56,100,139,138,117,37.5015967,126.9052561
영등포구,신길5동,560,11,12,22,18,48,83,135,140,91,37.499347,126.9098667
영등포구,신길6동,731,14,19,32,35,58,115,166,164,128,37.5063464,126.9213654
영등포구,신길7동,573,11,23,32,26,38,88,132,128,95,37.4953754,126.9058392
영등포구,대림1동,811,8,13,24,34,52,146,198,204,132,37.4926816,126.8982291
영등포구,대림2동,734,8,14,30,26,63,113,194,177,109,37.498236,126.8980349
영등포구,대림3동,1146,10,18,52,57,72,205,295,262,175,37.5132559,126.9057791
영등포구,영등포본동,1057,12,19,33,40,97,171,263,257,165,37.5132559,126.9057791
영등포구,영등포동,1053,3,15,44,64,118,208,266,195,140,37.5094016,126.8960068
영등포구,도림동,898,5,13,31,47,79,157,186,228,152,37.5169837,126.8993953
영등포구,문래동,912,11,20,31,46,99,106,188,239,172,37.5242657,126.8964831
영등포구,기타,1,0,0,1,0,0,0,0,0,0,37.476379,126.9735832
동작구,노량진2동,661,5,7,28,31,54,106,171,163,96,37.4989895,126.9377193
동작구,상도1동,1493,17,34,64,63,150,212,345,368,240,37.5054029,126.9422524
동작구,상도2동,976,10,31,46,45,101,147,178,247,171,37.4991534,126.9315036
동작구,상도3동,1134,7,31,41,58,106,175,248,293,175,37.5004864,126.937725
동작구,상도4동,1293,18,60,84,81,116,198,266,277,193,37.476379,126.9735832
동작구,사당1동,806,5,9,51,51,72,105,201,211,101,37.4866557,126.971972
동작구,사당3동,766,8,20,28,49,80,90,176,211,104,37.4809894,126.9715562
동작구,사당4동,576,3,7,17,29,59,96,141,151,73,37.4857107,126.9667226
동작구,사당5동,528,6,11,24,21,52,76,111,136,91,37.5080962,126.9262539
동작구,대방동,1578,14,33,72,62,133,224,419,389,232,37.4889593,126.909978
동작구,신대방1동,827,10,16,46,46,76,145,174,189,125,37.4989034,126.9258932
동작구,신대방2동,707,13,19,29,29,75,88,152,164,138,37.5094857,126.9605285
동작구,흑석동,1119,15,18,29,47,84,172,212,323,219,37.512235,126.9419742
동작구,노량진1동,1229,11,19,49,56,94,183,289,299,229,37.4886556,126.9792213
동작구,사당2동,914,8,9,38,55,70,124,216,229,165,37.4782118,126.9515024
관악구,보라매동,1135,24,21,62,62,102,156,258,266,184,37.4917938,126.9586402
관악구,청림동,664,7,16,11,26,63,97,144,171,129,37.4805452,126.9571127
관악구,행운동,1070,6,20,39,54,101,177,241,268,164,37.4762397,126.9583907
관악구,낙성대동,472,3,6,34,39,39,43,98,128,82,37.4841276,126.9497523
관악구,중앙동,579,6,5,20,36,50,84,128,157,93,37.475074,126.965307
관악구,인헌동,917,7,19,23,58,75,152,224,231,128,37.4675553,126.9794198
관악구,남현동,560,2,4,32,41,44,77,123,153,84,37.4797388,126.9313932
관악구,서원동,804,5,10,45,57,86,124,191,189,97,37.4815445,126.9273105
관악구,신원동,827,2,16,32,49,80,127,194,206,121,37.4749615,126.934949
관악구,서림동,872,12,15,35,60,86,156,184,209,115,37.4852939,126.9180613
관악구,신사동,911,7,20,50,54,105,162,208,182,123,37.4626176,126.9383251
관악구,신림동,554,4,6,52,52,78,67,109,120,66,37.4616858,126.9188389
관악구,난향동,708,14,19,21,28,74,118,150,174,110,37.4810442,126.9090343
관악구,조원동,704,9,13,22,32,65,118,175,168,102,37.470546,126.9368929
관악구,대학동,732,7,14,55,53,76,117,155,163,92,37.4869051,126.94142
관악구,은천동,1687,23,34,64,81,156,281,390,425,233,37.4894329,126.9481693
관악구,성현동,1429,17,23,55,54,133,251,330,341,225,37.4791001,126.9416142
관악구,청룡동,1068,13,18,54,60,92,161,227,277,166,37.4693789,126.9202006
관악구,난곡동,1600,23,33,65,62,149,291,370,399,208,37.470074,126.9329493
관악구,삼성동,1542,12,21,54,67,128,225,339,422,274,37.476128,126.9156168
관악구,미성동,1430,11,34,65,59,123,207,353,392,186,37.483688,127.0329245
서초구,서초1동,488,7,16,20,33,37,68,107,97,103,37.492017,127.0247167
서초구,서초2동,369,9,12,16,27,41,57,73,71,63,37.4836008,127.0124412
서초구,서초3동,731,13,22,53,58,51,90,146,162,136,37.5026266,127.0221057
서초구,서초4동,475,21,24,18,26,58,53,75,110,90,37.514847,127.0143281
서초구,잠원동,540,11,21,30,28,47,69,100,129,105,37.5031833,127.0079167
서초구,반포본동,183,5,9,13,7,17,27,27,39,39,37.506043,127.0126625
서초구,반포1동,562,11,15,17,41,55,86,120,122,95,37.5044869,126.9944423
서초구,반포2동,245,5,10,12,8,30,22,37,83,38,37.5119312,127.0055521
서초구,반포3동,352,9,16,21,27,30,37,51,92,69,37.4975719,127.000386
서초구,반포4동,347,7,16,15,17,37,44,63,64,84,37.4941271,126.9887762
서초구,방배본동,460,3,14,15,27,50,87,88,91,85,37.4832955,126.9944149
서초구,방배1동,479,9,8,16,31,47,57,110,119,82,37.4798788,126.9854989
서초구,방배2동,681,9,14,35,26,56,95,163,175,108,37.480185,126.9990806
서초구,방배3동,555,7,14,28,35,48,76,125,127,95,37.4895447,126.9912761
서초구,방배4동,593,11,14,16,29,56,96,112,159,100,37.4844071,127.0361048
서초구,양재1동,1955,38,59,79,97,162,305,508,434,273,37.4707419,127.0413547
서초구,양재2동,673,20,16,26,45,81,104,153,144,84,37.4617711,127.05116
서초구,내곡동,854,28,53,66,59,75,102,168,175,128,37.5172363,127.0473248
강남구,신사동,403,4,16,9,14,29,57,76,97,101,37.5115147,127.0283828
강남구,논현1동,574,8,14,34,52,76,68,119,131,72,37.5135304,127.0315341
강남구,논현2동,513,4,11,24,33,56,69,96,134,86,37.5117931,127.0553802
강남구,삼성1동,289,5,11,14,17,23,50,64,61,44,37.511098,127.0459091
강남구,삼성2동,544,9,22,25,35,55,85,98,126,89,37.4932114,127.0567416
강남구,대치1동,278,5,17,18,11,35,45,36,52,59,37.4994914,127.0610527
강남구,대치4동,398,2,16,20,36,55,72,60,84,53,37.4999072,127.0373932
강남구,역삼1동,765,5,8,32,96,103,119,154,143,105,37.4959889,127.0467425
강남구,역삼2동,638,11,30,26,47,81,102,110,149,82,37.4898434,127.0438136
강남구,도곡1동,390,7,20,23,25,45,56,61,78,75,37.4824625,127.0430492
강남구,도곡2동,503,17,22,21,24,56,61,71,119,112,37.4789643,127.0609282
강남구,개포1동,221,4,4,6,7,16,33,52,61,38,37.4788251,127.0515205
강남구,개포4동,591,18,23,38,36,59,92,134,126,65,37.4810133,127.0801089
강남구,일원본동,718,30,54,46,36,78,126,169,90,89,37.4917961,127.0879606
강남구,일원1동,1089,15,33,37,62,67,176,298,267,134,37.4921008,127.073629
강남구,일원2동,1164,19,29,44,48,81,155,337,304,147,37.4889628,127.105154
강남구,수서동,2150,5,12,52,69,137,380,738,499,258,37.4692712,127.1073203
강남구,세곡동,1967,43,100,107,87,171,298,378,435,348,37.531684,127.0302926
강남구,압구정동,486,5,14,17,25,45,57,79,116,128,37.5231998,127.0486655
강남구,청담동,510,11,21,28,32,48,65,97,109,99,37.5021274,127.0641296
강남구,대치2동,585,9,29,34,35,59,85,116,124,94,37.4896011,127.0687685
강남구,개포2동,423,5,11,24,33,25,74,102,77,72,37.5280898,127.0355331
강남구,기타,1,0,0,0,1,0,0,0,0,0,37.5144321,127.0888491
송파구,풍납1동,670,9,24,28,28,55,88,156,177,105,37.5286251,127.1164568
송파구,풍납2동,828,13,24,41,38,77,130,201,185,119,37.4970185,127.143372
송파구,거여1동,625,4,16,20,57,55,93,149,140,91,37.493491,127.1468718
송파구,거여2동,1011,11,17,43,82,114,186,221,191,146,37.4959357,127.1498994
송파구,마천1동,1229,14,22,55,52,91,212,295,296,192,37.4968796,127.1485105
송파구,마천2동,1229,7,26,50,49,91,244,267,313,182,37.5109334,127.1238455
송파구,방이1동,438,4,19,25,31,42,67,99,82,69,37.5145158,127.1144024
송파구,방이2동,770,7,12,32,51,82,136,178,169,103,37.5154331,127.1343724
송파구,오륜동,293,4,9,21,17,28,31,52,55,76,37.5029895,127.1278734
송파구,오금동,1427,25,39,90,85,117,237,329,281,224,37.5058778,127.1096251
송파구,송파1동,695,6,9,35,59,68,123,154,160,81,37.5022674,127.1166805
송파구,송파2동,523,11,9,36,40,46,80,113,103,85,37.503517,127.1035697
송파구,석촌동,1019,15,18,47,60,127,189,219,208,136,37.5027949,127.0925158
송파구,삼전동,935,13,23,31,68,97,174,227,199,103,37.4954903,127.1217072
송파구,가락본동,767,7,22,32,51,63,136,202,153,101,37.4964619,127.1055147
송파구,가락1동,532,19,13,34,38,50,74,107,126,71,37.498712,127.1266796
송파구,가락2동,929,11,13,61,65,87,158,211,194,129,37.490047,127.1241801
송파구,문정1동,584,10,15,41,51,58,78,116,131,84,37.4898248,127.1108474
송파구,문정2동,519,12,7,37,58,43,61,103,89,109,37.5061273,127.0842945
송파구,잠실본동,800,8,14,35,64,71,145,192,170,101,37.5200285,127.1084342
송파구,잠실4동,437,19,19,19,28,53,59,79,96,65,37.5179042,127.1007366
송파구,잠실6동,371,8,15,22,23,36,45,72,76,74,37.5087379,127.0770452
송파구,잠실7동,211,2,5,12,4,10,23,41,54,60,37.5156676,127.0856413
송파구,잠실2동,569,18,33,29,26,72,64,119,126,82,37.5071834,127.0941266
송파구,잠실3동,691,10,25,33,34,72,73,154,173,117,37.4773867,127.1285282
송파구,장지동,1343,31,64,74,88,124,232,313,253,164,37.4811919,127.1441343
송파구,위례동,841,44,42,42,60,119,147,149,140,98,37.5364293,127.1231762
강동구,강일동,1700,19,73,90,68,158,298,358,366,270,37.5511064,127.1646653
강동구,상일동,926,30,47,57,58,95,126,206,196,111,37.5497341,127.1459813
강동구,명일1동,886,16,20,63,45,82,132,203,189,136,37.5463186,127.1512869
강동구,명일2동,450,7,14,26,29,50,49,106,93,76,37.558983,127.1489257
강동구,고덕1동,718,30,29,37,44,77,115,148,125,113,37.5604551,127.1643122
강동구,고덕2동,811,21,18,49,59,93,163,185,134,89,37.5517335,127.1272331
강동구,암사2동,514,9,16,30,21,39,80,107,127,85,37.5552053,127.1382039
강동구,암사3동,560,17,45,32,34,40,78,121,121,72,37.5450685,127.1367043
강동구,천호1동,1441,22,30,67,74,142,231,366,335,174,37.539763,127.1297892
강동구,천호3동,1314,8,17,46,96,114,220,328,316,169,37.530375,127.1223451
강동구,성내1동,662,13,21,26,38,61,120,142,151,90,37.5323199,127.1294284
강동구,성내2동,1053,8,17,39,59,82,177,269,260,142,37.5259868,127.1329002
강동구,성내3동,886,17,13,43,45,87,141,219,208,113,37.5234321,127.1366779
강동구,둔촌1동,3,0,0,0,1,0,0,2,0,0,37.53332,127.1419272
강동구,둔촌2동,971,22,30,43,46,79,158,216,228,149,37.5514287,127.1325655
강동구,암사1동,1682,15,47,80,81,158,307,386,403,205,37.543462,127.1231788
강동구,천호2동,1735,22,31,76,95,158,310,405,393,245,37.5392074,127.1461206
강동구,길동,1995,20,41,84,120,192,324,496,453,265,37.53889368,127.1435743
